id,title_bg,title_en,place_id,historical_archive_item_id,match_quality,then_url,now_url,then_license,now_license,source_ids,provenance_urls,editorial_status
then-now-philippopolis-street-1878,Улица във Филипопол през януари 1878 г. — тогава/сега,"Street in Philippopolis, January 1878 — then/now",place-old-town,archive-photo-philippopolis-street-1878,same_place_approximate_viewpoint,https://commons.wikimedia.org/wiki/File:0530_%D0%92%D0%B8%D0%B4_%D0%BD%D0%B0_%D0%BE%D0%B4%D0%BD%D1%83_%D0%B8%D0%B7_%D1%83%D0%BB%D0%B8%D1%86_%D0%A4%D0%B8%D0%BB%D0%B8%D0%BF%D0%BF%D0%BE%D0%BF%D0%BE%D0%BB%D1%8F_(%D0%9F%D0%BB%D0%BE%D0%B2%D0%B4%D0%B8%D0%B2%D0%B0)%2C_%D1%8F%D0%BD%D0%B2%D0%B0%D1%80%D1%8C_1878.jpg,https://commons.wikimedia.org/wiki/File:Renovated_house_in_plovdiv_old_town.jpg,Public domain,CC BY 2.0,source-0530-vid-na-odnu-iz-ulits-filippopolya-plovdiva-yanvar-1878-jpg|source-wikimedia-commons-renovated-house-in-plovdiv-old-town-jpg,https://commons.wikimedia.org/wiki/File:0530_%D0%92%D0%B8%D0%B4_%D0%BD%D0%B0_%D0%BE%D0%B4%D0%BD%D1%83_%D0%B8%D0%B7_%D1%83%D0%BB%D0%B8%D1%86_%D0%A4%D0%B8%D0%BB%D0%B8%D0%BF%D0%BF%D0%BE%D0%BF%D0%BE%D0%BB%D1%8F_(%D0%9F%D0%BB%D0%BE%D0%B2%D0%B4%D0%B8%D0%B2%D0%B0)%2C_%D1%8F%D0%BD%D0%B2%D0%B0%D1%80%D1%8C_1878.jpg|https://commons.wikimedia.org/wiki/File:Renovated_house_in_plovdiv_old_town.jpg,needs_editorial_signoff
then-now-plovdiv-station-around-1880,Железопътната гара на Пловдив около 1880 г. — тогава/сега,Plovdiv railway station around 1880 — then/now,place-plovdiv-central-railway-station-q7205164,archive-photo-plovdiv-station-around-1880,same_place_approximate_viewpoint,https://commons.wikimedia.org/wiki/File:Plovdiv_Train_Station_Around_1880.jpg,https://commons.wikimedia.org/wiki/File:Plovdiv_train_station_2021_from_train_window.jpg,Public domain,CC BY 2.0,source-plovdiv-train-station-around-1880-jpg|source-plovdiv-train-station-2021-from-train-window-jpg,https://commons.wikimedia.org/wiki/File:Plovdiv_Train_Station_Around_1880.jpg|https://commons.wikimedia.org/wiki/File:Plovdiv_train_station_2021_from_train_window.jpg,needs_editorial_signoff
then-now-bahnhof-von-plowdiw,Пощенска картичка „Bahnhof von Plowdiw“ — тогава/сега,Postcard: Bahnhof von Plowdiw — then/now,place-plovdiv-central-railway-station-q7205164,archive-postcard-bahnhof-von-plowdiw,same_place_approximate_viewpoint,https://commons.wikimedia.org/wiki/File:Bahnhof_von_Plowdiw.jpg,https://commons.wikimedia.org/wiki/File:Plovdiv_train_station_2021_from_train_window.jpg,Public domain,CC BY 2.0,source-bahnhof-von-plowdiw-jpg|source-plovdiv-train-station-2021-from-train-window-jpg,https://commons.wikimedia.org/wiki/File:Bahnhof_von_Plowdiw.jpg|https://commons.wikimedia.org/wiki/File:Plovdiv_train_station_2021_from_train_window.jpg,needs_editorial_signoff
then-now-plovdiv-karastoyanov-c1908,Пловдив във фотография на Иван Карастоянов — тогава/сега,Plovdiv photographed by Ivan Karastoyanov — then/now,place-plovdiv-city,archive-photo-plovdiv-karastoyanov-c1908,city_context,https://commons.wikimedia.org/wiki/File:Plovdiv_Ivan_Karastoyanov.jpg,https://commons.wikimedia.org/wiki/File:View_from_Nebet_Tepe_(54118748660).jpg,Public domain,CC BY-SA 2.0,source-plovdiv-ivan-karastoyanov-jpg|source-view-from-nebet-tepe-54118748660-jpg,https://commons.wikimedia.org/wiki/File:Plovdiv_Ivan_Karastoyanov.jpg|https://commons.wikimedia.org/wiki/File:View_from_Nebet_Tepe_(54118748660).jpg,needs_editorial_signoff
then-now-dzhambaztepe-1892,Джамбаз тепе през 1892 г. — тогава/сега,Dzhambaz Tepe in 1892 — then/now,place-dzhambaz-hill-in-plovdiv-q12277962,archive-photo-dzhambaztepe-1892,same_place_approximate_viewpoint,https://commons.wikimedia.org/wiki/File:Dzhambaztepe_1892.jpg,https://commons.wikimedia.org/wiki/File:Dzhambaztepe_2023.jpg,Public domain,CC BY-SA 4.0,source-wikimedia-commons-dzhambaztepe-1892-jpg|source-dzhambaztepe-2023-jpg,https://commons.wikimedia.org/wiki/File:Dzhambaztepe_1892.jpg|https://commons.wikimedia.org/wiki/File:Dzhambaztepe_2023.jpg,needs_editorial_signoff
then-now-ottoman-clock-tower-1936,Османската часовникова кула на Сахат тепе — тогава/сега,Ottoman clock tower on Sahat Tepe — then/now,place-sahat-hill-in-plovdiv-q12293012,archive-photo-ottoman-clock-tower-1936,same_place_approximate_viewpoint,https://commons.wikimedia.org/wiki/File:Ottoman_clock_tower_in_Plovdiv_on_old_photo.jpg,https://commons.wikimedia.org/wiki/File:Tower_from_old_town_plovdiv.JPG,Public domain,CC BY-SA 3.0,source-ottoman-clock-tower-in-plovdiv-on-old-photo-jpg|source-wikimedia-commons-tower-from-old-town-plovdiv-jpg,https://commons.wikimedia.org/wiki/File:Ottoman_clock_tower_in_Plovdiv_on_old_photo.jpg|https://commons.wikimedia.org/wiki/File:Tower_from_old_town_plovdiv.JPG,needs_editorial_signoff
then-now-ottoman-clock-tower,Пощенска картичка с часовниковата кула — тогава/сега,Postcard of the clock tower — then/now,place-sahat-hill-in-plovdiv-q12293012,archive-postcard-ottoman-clock-tower,same_place_approximate_viewpoint,https://commons.wikimedia.org/wiki/File:Ottoman_clock_tower_in_Plovdiv_on_old_postcard.jpg,https://commons.wikimedia.org/wiki/File:Tower_from_old_town_plovdiv.JPG,Public domain,CC BY-SA 3.0,source-ottoman-clock-tower-in-plovdiv-on-old-postcard-jpg|source-wikimedia-commons-tower-from-old-town-plovdiv-jpg,https://commons.wikimedia.org/wiki/File:Ottoman_clock_tower_in_Plovdiv_on_old_postcard.jpg|https://commons.wikimedia.org/wiki/File:Tower_from_old_town_plovdiv.JPG,needs_editorial_signoff
then-now-sahat-hill-1,Сахат тепе на стара пощенска картичка — тогава/сега,Sahat Hill on an old postcard — then/now,place-sahat-hill-in-plovdiv-q12293012,archive-postcard-sahat-hill-1,same_place_approximate_viewpoint,https://commons.wikimedia.org/wiki/File:Sahat_Hill_in_Plovdiv_on_old_postcard_1.jpg,https://commons.wikimedia.org/wiki/File:Tower_from_old_town_plovdiv.JPG,Public domain,CC BY-SA 3.0,source-sahat-hill-in-plovdiv-on-old-postcard-1-jpg|source-wikimedia-commons-tower-from-old-town-plovdiv-jpg,https://commons.wikimedia.org/wiki/File:Sahat_Hill_in_Plovdiv_on_old_postcard_1.jpg|https://commons.wikimedia.org/wiki/File:Tower_from_old_town_plovdiv.JPG,needs_editorial_signoff
then-now-dzhumaya-square-1,Площад Джумая на стара картичка — тогава/сега,Dzhumaya Square on an old postcard — then/now,place-dzhumaya-square-q59368698,archive-postcard-dzhumaya-square-1,same_place_approximate_viewpoint,https://commons.wikimedia.org/wiki/File:Dzhumaya_square_on_old_postcard.jpg,https://commons.wikimedia.org/wiki/File:Plovdiv_Feb_2020_17_07_46_897000.jpeg,Public domain,CC BY-SA 4.0,source-dzhumaya-square-on-old-postcard-jpg|source-plovdiv-feb-2020-17-07-46-897000-jpeg,https://commons.wikimedia.org/wiki/File:Dzhumaya_square_on_old_postcard.jpg|https://commons.wikimedia.org/wiki/File:Plovdiv_Feb_2020_17_07_46_897000.jpeg,needs_editorial_signoff
then-now-dzhumaya-square-2,Площад Джумая - картичка 2 — тогава/сега,Dzhumaya Square - postcard 2 — then/now,place-dzhumaya-square-q59368698,archive-postcard-dzhumaya-square-2,same_place_approximate_viewpoint,https://commons.wikimedia.org/wiki/File:Dzhumaya_square_on_old_postcard_2.jpg,https://commons.wikimedia.org/wiki/File:Plovdiv_Feb_2020_17_07_46_897000.jpeg,Public domain,CC BY-SA 4.0,source-dzhumaya-square-on-old-postcard-2-jpg|source-plovdiv-feb-2020-17-07-46-897000-jpeg,https://commons.wikimedia.org/wiki/File:Dzhumaya_square_on_old_postcard_2.jpg|https://commons.wikimedia.org/wiki/File:Plovdiv_Feb_2020_17_07_46_897000.jpeg,needs_editorial_signoff
then-now-dzhumaya-square-3,Площад Джумая - картичка 3 — тогава/сега,Dzhumaya Square - postcard 3 — then/now,place-dzhumaya-square-q59368698,archive-postcard-dzhumaya-square-3,same_place_approximate_viewpoint,https://commons.wikimedia.org/wiki/File:Dzhumaya_square_on_old_postcard_3.jpg,https://commons.wikimedia.org/wiki/File:Plovdiv_Feb_2020_17_07_46_897000.jpeg,Public domain,CC BY-SA 4.0,source-dzhumaya-square-on-old-postcard-3-jpg|source-plovdiv-feb-2020-17-07-46-897000-jpeg,https://commons.wikimedia.org/wiki/File:Dzhumaya_square_on_old_postcard_3.jpg|https://commons.wikimedia.org/wiki/File:Plovdiv_Feb_2020_17_07_46_897000.jpeg,needs_editorial_signoff
then-now-gerdjica-1931,Герджика през 1931 г. — тогава/сега,Gerdzhika in 1931 — then/now,place-gerdzhika-bridge-q56636017,archive-postcard-gerdjica-1931,same_place_approximate_viewpoint,https://commons.wikimedia.org/wiki/File:Gerdjica_1931.jpg,https://commons.wikimedia.org/wiki/File:Bridge_of_Gerdjika_in_Plovdiv.jpg,CC BY 4.0,Public domain,source-gerdjica-1931-jpg|source-bridge-of-gerdjika-in-plovdiv-jpg,https://commons.wikimedia.org/wiki/File:Gerdjica_1931.jpg|https://commons.wikimedia.org/wiki/File:Bridge_of_Gerdjika_in_Plovdiv.jpg,needs_editorial_signoff
then-now-old-bridge-gerdjika-1930s,Старият мост и Герджика през 1930-те — тогава/сега,Old Bridge and Gerdzhika Bridge in the 1930s — then/now,place-gerdzhika-bridge-q56636017,archive-postcard-old-bridge-gerdjika-1930s,same_place_approximate_viewpoint,https://commons.wikimedia.org/wiki/File:Plovdiv%2C_Old_Bridge_and_Gerdjika_Bridge%2C_1930s.jpg,https://commons.wikimedia.org/wiki/File:Bridge_of_Gerdjika_in_Plovdiv.jpg,Public domain,Public domain,source-plovdiv-old-bridge-and-gerdjika-bridge-1930s-jpg|source-bridge-of-gerdjika-in-plovdiv-jpg,https://commons.wikimedia.org/wiki/File:Plovdiv%2C_Old_Bridge_and_Gerdjika_Bridge%2C_1930s.jpg|https://commons.wikimedia.org/wiki/File:Bridge_of_Gerdjika_in_Plovdiv.jpg,needs_editorial_signoff
then-now-greek-high-school,Гръцката гимназия в Пловдив — тогава/сега,Greek High School in Plovdiv — then/now,place-geo-milev-school,archive-postcard-greek-high-school,same_place_approximate_viewpoint,https://commons.wikimedia.org/wiki/File:Greek_High_School_in_Plovdiv.jpg,https://commons.wikimedia.org/wiki/File:Geo_Milev_School%2C_Plovdiv_1.jpg,Public domain,Public domain,source-greek-high-school-in-plovdiv-jpg|source-wikimedia-commons-geo-milev-school-plovdiv-1-jpg,https://commons.wikimedia.org/wiki/File:Greek_High_School_in_Plovdiv.jpg|https://commons.wikimedia.org/wiki/File:Geo_Milev_School%2C_Plovdiv_1.jpg,needs_editorial_signoff
then-now-tsar-simeon-garden-1915,Цар-Симеоновата градина през 1915 г. — тогава/сега,Tsar Simeon Garden in 1915 — then/now,place-tzar-simeon-garden-q12298697,archive-postcard-tsar-simeon-garden-1915,same_place_approximate_viewpoint,https://commons.wikimedia.org/wiki/File:BASA-1735K-1-345-24-Tsar_Simeon_Garden%2C_Plovdiv%2C_Bulgaria%2C_1915.jpg,https://commons.wikimedia.org/wiki/File:Tsar_Simeon_Public_Garden_(48916046738).jpg,Public domain,CC BY 2.0,source-basa-1735k-1-345-24-tsar-simeon-garden-plovdiv-bulgaria-1915-jpg|source-tsar-simeon-public-garden-48916046738-jpg,https://commons.wikimedia.org/wiki/File:BASA-1735K-1-345-24-Tsar_Simeon_Garden%2C_Plovdiv%2C_Bulgaria%2C_1915.jpg|https://commons.wikimedia.org/wiki/File:Tsar_Simeon_Public_Garden_(48916046738).jpg,needs_editorial_signoff
then-now-princes-garden-plovdiv,Княжеската градина в Пловдив — тогава/сега,Prince’s Garden in Plovdiv — then/now,place-tzar-simeon-garden-q12298697,archive-photo-princes-garden-plovdiv,same_place_approximate_viewpoint,https://commons.wikimedia.org/wiki/File:Prince's_Garden_Plovdiv.jpg,https://commons.wikimedia.org/wiki/File:Tsar_Simeon_Public_Garden_(48916046738).jpg,Public domain,CC BY 2.0,source-prince-s-garden-plovdiv-jpg|source-tsar-simeon-public-garden-48916046738-jpg,https://commons.wikimedia.org/wiki/File:Prince's_Garden_Plovdiv.jpg|https://commons.wikimedia.org/wiki/File:Tsar_Simeon_Public_Garden_(48916046738).jpg,needs_editorial_signoff
then-now-opening-1939-plovdiv-fair,Откриване на Пловдивския панаир през 1939 г. — тогава/сега,Opening of the 1939 Plovdiv Fair — then/now,place-international-fair-plovdiv-q1667383,archive-photo-opening-1939-plovdiv-fair,same_place_approximate_viewpoint,https://commons.wikimedia.org/wiki/File:BASA_1318K-1-5896-2_Opening_of_1939_Plovdiv_fair.jpg,https://commons.wikimedia.org/wiki/File:Internationa_Fair_Plovdiv_Front.jpg,Public domain,Public domain,source-basa-1318k-1-5896-2-opening-of-1939-plovdiv-fair-jpg|source-wikimedia-commons-internationa-fair-plovdiv-front-jpg,https://commons.wikimedia.org/wiki/File:BASA_1318K-1-5896-2_Opening_of_1939_Plovdiv_fair.jpg|https://commons.wikimedia.org/wiki/File:Internationa_Fair_Plovdiv_Front.jpg,needs_editorial_signoff
then-now-international-fair-1892-1,"Първото пловдивско изложение, 1892 - кадър 1 — тогава/сега","First Plovdiv Exhibition, 1892 - image 1 — then/now",place-international-fair-plovdiv-q1667383,archive-photo-international-fair-1892-1,same_place_approximate_viewpoint,https://commons.wikimedia.org/wiki/File:BASA-3K-7-327-1-International_Fair_Plovdiv%2C_1892.jpg,https://commons.wikimedia.org/wiki/File:Internationa_Fair_Plovdiv_Front.jpg,Public domain,Public domain,source-basa-3k-7-327-1-international-fair-plovdiv-1892-jpg|source-wikimedia-commons-internationa-fair-plovdiv-front-jpg,https://commons.wikimedia.org/wiki/File:BASA-3K-7-327-1-International_Fair_Plovdiv%2C_1892.jpg|https://commons.wikimedia.org/wiki/File:Internationa_Fair_Plovdiv_Front.jpg,needs_editorial_signoff
then-now-international-fair-1892-10,"Първото пловдивско изложение, 1892 - кадър 10 — тогава/сега","First Plovdiv Exhibition, 1892 - image 10 — then/now",place-international-fair-plovdiv-q1667383,archive-photo-international-fair-1892-10,same_place_approximate_viewpoint,https://commons.wikimedia.org/wiki/File:BASA-3K-7-327-10-International_Fair_Plovdiv%2C_1892.jpg,https://commons.wikimedia.org/wiki/File:Internationa_Fair_Plovdiv_Front.jpg,Public domain,Public domain,source-basa-3k-7-327-10-international-fair-plovdiv-1892-jpg|source-wikimedia-commons-internationa-fair-plovdiv-front-jpg,https://commons.wikimedia.org/wiki/File:BASA-3K-7-327-10-International_Fair_Plovdiv%2C_1892.jpg|https://commons.wikimedia.org/wiki/File:Internationa_Fair_Plovdiv_Front.jpg,needs_editorial_signoff
then-now-ancient-theatre-uncovered-1,Разкриване на Античния театър - кадър 1 — тогава/сега,Uncovering the Ancient Theatre - image 1 — then/now,place-ancient-theatre,archive-photo-ancient-theatre-uncovered-1,same_place_approximate_viewpoint,https://commons.wikimedia.org/wiki/File:Razkrivane_antichen_teatur.jpg,"https://commons.wikimedia.org/wiki/File:Ancient_theatre_of_Plovdiv,_Bulgaria.jpg",CC BY 4.0,CC BY 4.0,source-razkrivane-antichen-teatur-jpg|source-ancient-theatre-of-plovdiv-bulgaria-jpg,"https://commons.wikimedia.org/wiki/File:Razkrivane_antichen_teatur.jpg|https://commons.wikimedia.org/wiki/File:Ancient_theatre_of_Plovdiv,_Bulgaria.jpg",needs_editorial_signoff
then-now-ancient-theatre-uncovered-2,Разкриване на Античния театър - кадър 2 — тогава/сега,Uncovering the Ancient Theatre - image 2 — then/now,place-ancient-theatre,archive-photo-ancient-theatre-uncovered-2,same_place_approximate_viewpoint,https://commons.wikimedia.org/wiki/File:Razkrivane_antichen_teatur1.jpg,"https://commons.wikimedia.org/wiki/File:Ancient_theatre_of_Plovdiv,_Bulgaria.jpg",CC BY 4.0,CC BY 4.0,source-razkrivane-antichen-teatur1-jpg|source-ancient-theatre-of-plovdiv-bulgaria-jpg,"https://commons.wikimedia.org/wiki/File:Razkrivane_antichen_teatur1.jpg|https://commons.wikimedia.org/wiki/File:Ancient_theatre_of_Plovdiv,_Bulgaria.jpg",needs_editorial_signoff
then-now-ancient-stadium-uncovered-1,Разкриване на Античния стадион - кадър 1 — тогава/сега,Uncovering the Ancient Stadium - image 1 — then/now,place-ancient-stadium,archive-photo-ancient-stadium-uncovered-1,same_place_approximate_viewpoint,https://commons.wikimedia.org/wiki/File:Razkrivane_stadion.jpg,https://commons.wikimedia.org/wiki/File:Plovdiv_Feb_2020_17_07_46_897000.jpeg,CC BY 4.0,CC BY-SA 4.0,source-razkrivane-stadion-jpg|source-plovdiv-feb-2020-17-07-46-897000-jpeg,https://commons.wikimedia.org/wiki/File:Razkrivane_stadion.jpg|https://commons.wikimedia.org/wiki/File:Plovdiv_Feb_2020_17_07_46_897000.jpeg,needs_editorial_signoff
then-now-ancient-stadium-uncovered-2,Разкриване на Античния стадион - кадър 2 — тогава/сега,Uncovering the Ancient Stadium - image 2 — then/now,place-ancient-stadium,archive-photo-ancient-stadium-uncovered-2,same_place_approximate_viewpoint,https://commons.wikimedia.org/wiki/File:Razkrivane_stadion2.jpg,https://commons.wikimedia.org/wiki/File:Plovdiv_Feb_2020_17_07_46_897000.jpeg,CC BY 4.0,CC BY-SA 4.0,source-razkrivane-stadion2-jpg|source-plovdiv-feb-2020-17-07-46-897000-jpeg,https://commons.wikimedia.org/wiki/File:Razkrivane_stadion2.jpg|https://commons.wikimedia.org/wiki/File:Plovdiv_Feb_2020_17_07_46_897000.jpeg,needs_editorial_signoff
then-now-ivan-vazov-library-earthquake-1928,Народната библиотека „Иван Вазов“ след земетресението — тогава/сега,Ivan Vazov National Library after the earthquake — then/now,place-ivan-vazov-national-library-q630839,archive-photo-ivan-vazov-library-earthquake-1928,same_place_approximate_viewpoint,https://commons.wikimedia.org/wiki/File:BASA-741K-2-124-2-Ivan_Vazov_National_Library%2C_Plovdiv.JPG,https://commons.wikimedia.org/wiki/File:Ivan_Vazov_National_Library.JPG,Public domain,CC BY-SA 3.0,source-basa-741k-2-124-2-ivan-vazov-national-library-plovdiv-jpg|source-wikimedia-commons-ivan-vazov-national-library-jpg,https://commons.wikimedia.org/wiki/File:BASA-741K-2-124-2-Ivan_Vazov_National_Library%2C_Plovdiv.JPG|https://commons.wikimedia.org/wiki/File:Ivan_Vazov_National_Library.JPG,needs_editorial_signoff
then-now-balkan-cinema-plovdiv,Кино „Балкан“ в Пловдив — тогава/сега,Balkan cinema in Plovdiv — then/now,place-kino-balkan-q105664675,archive-photo-balkan-cinema-plovdiv,same_place_approximate_viewpoint,https://commons.wikimedia.org/wiki/File:BASA-1625K-1-22-5-Balkan_cinema%2C_Plovdiv%2C_Bulgaria.jpg,https://commons.wikimedia.org/wiki/File:Left_Former_Movie_Theater_Balkan_Right_Hotel_Bulgaria_(158046439).jpeg,Public domain,CC0,source-basa-1625k-1-22-5-balkan-cinema-plovdiv-bulgaria-jpg|source-left-former-movie-theater-balkan-right-hotel-bulgaria-158046439-jpeg,https://commons.wikimedia.org/wiki/File:BASA-1625K-1-22-5-Balkan_cinema%2C_Plovdiv%2C_Bulgaria.jpg|https://commons.wikimedia.org/wiki/File:Left_Former_Movie_Theater_Balkan_Right_Hotel_Bulgaria_(158046439).jpeg,needs_editorial_signoff
then-now-trimontium-view-1958,"Изглед от хотел „Тримонциум“, 1958 г. — тогава/сега","View from the Trimontium Hotel, 1958 — then/now",place-trimontsium-hotel-in-plovdiv-q60318638,archive-photo-trimontium-view-1958,same_place_approximate_viewpoint,https://commons.wikimedia.org/wiki/File:PLOVDIV%2C_Blick_vom_Zimmer_im_Trimontium_-_58_-_046.44.jpg,https://commons.wikimedia.org/wiki/File:Plovdiv-princess-road-imagesfrombulgaria.JPG,CC BY-SA 4.0,CC BY 2.5,source-plovdiv-blick-vom-zimmer-im-trimontium-58-046-44-jpg|source-wikimedia-commons-plovdiv-princess-road-imagesfrombulgaria-jpg,https://commons.wikimedia.org/wiki/File:PLOVDIV%2C_Blick_vom_Zimmer_im_Trimontium_-_58_-_046.44.jpg|https://commons.wikimedia.org/wiki/File:Plovdiv-princess-road-imagesfrombulgaria.JPG,needs_editorial_signoff
then-now-lamartine-house-restoration-1972,"Ламартинова къща - реставрационен архив, 1972 г. — тогава/сега","Lamartine House restoration archive, 1972 — then/now",place-lamartine-house,archive-photo-lamartine-house-restoration-1972,same_place_approximate_viewpoint,https://commons.wikimedia.org/wiki/File:1972Feb_150*_Lamartine_FFloor.jpeg,https://commons.wikimedia.org/wiki/File:Old_town3.jpg,CC BY-SA 3.0,CC BY 2.0,source-1972feb-150-lamartine-ffloor-jpeg|source-wikimedia-commons-file-old-town3-jpg,https://commons.wikimedia.org/wiki/File:1972Feb_150*_Lamartine_FFloor.jpeg|https://commons.wikimedia.org/wiki/File:Old_town3.jpg,needs_editorial_signoff
